,Actual,Forecast
2015-04-01,357.07300000000004,
2015-04-02,341.931,
2015-04-03,318.777,
2015-04-04,312.494,
2015-04-05,270.837,
2015-04-06,290.126,
2015-04-07,296.189,
2015-04-08,285.508,
2015-04-09,251.327,
2015-04-10,220.16299999999998,
2015-04-11,236.15400000000002,
2015-04-12,217.335,
2015-04-13,265.307,
2015-04-14,233.169,
2015-04-15,209.638,
2015-04-16,232.82299999999998,
2015-04-17,241.55700000000002,
2015-04-18,212.68599999999998,
2015-04-19,215.325,
2015-04-20,222.048,
2015-04-21,220.917,
2015-04-22,255.78799999999998,
2015-04-23,232.227,
2015-04-24,204.643,
2015-04-25,203.984,
2015-04-26,216.519,
2015-04-27,228.99099999999999,
2015-04-28,269.10900000000004,
2015-04-29,259.181,
2015-04-30,250.416,
2015-05-01,241.18,
2015-05-02,205.209,
2015-05-03,202.601,
2015-05-04,186.642,
2015-05-05,174.233,
2015-05-06,207.125,
2015-05-07,223.11599999999999,
2015-05-08,207.53400000000002,
2015-05-09,178.91400000000002,
2015-05-10,173.95,
2015-05-11,182.46400000000003,
2015-05-12,195.25,
2015-05-13,197.229,
2015-05-14,180.673,
2015-05-15,209.261,
2015-05-16,215.199,
2015-05-17,183.94,
2015-05-18,237.567,
2015-05-19,236.688,
2015-05-20,227.514,
2015-05-21,196.16099999999997,
2015-05-22,179.071,
2015-05-23,170.30599999999998,
2015-05-24,157.111,
2015-05-25,171.15400000000002,
2015-05-26,196.067,
2015-05-27,180.233,
2015-05-28,193.899,
2015-05-29,208.979,
2015-05-30,183.18599999999998,
2015-05-31,190.412,
2015-06-01,196.821,
2015-06-02,197.889,
2015-06-03,193.019,
2015-06-04,184.34900000000002,
2015-06-05,175.207,
2015-06-06,147.875,
2015-06-07,150.954,
2015-06-08,173.699,
2015-06-09,192.485,
2015-06-10,177.37400000000002,
2015-06-11,164.71400000000003,
2015-06-12,160.253,
2015-06-13,140.681,
2015-06-14,150.954,
2015-06-15,180.893,
2015-06-16,195.91,
2015-06-17,178.505,
2015-06-18,177.40599999999998,
2015-06-19,183.72,
2015-06-20,169.018,
2015-06-21,160.033,
2015-06-22,213.53400000000002,
2015-06-23,225.095,
2015-06-24,201.37599999999998,
2015-06-25,191.763,
2015-06-26,174.83,
2015-06-27,142.84799999999998,
2015-06-28,144.953,
2015-06-29,175.489,
2015-06-30,174.61,
2015-07-01,182.024,
2015-07-02,181.773,
2015-07-03,179.479,
2015-07-04,142.88,
2015-07-05,142.0,
2015-07-06,199.083,
2015-07-07,195.847,
2015-07-08,167.918,
2015-07-09,185.385,
2015-07-10,175.207,
2015-07-11,139.235,
2015-07-12,136.439,
2015-07-13,180.202,
2015-07-14,189.25,
2015-07-15,203.701,
2015-07-16,199.46,
2015-07-17,177.62599999999998,
2015-07-18,137.005,
2015-07-19,138.32399999999998,
2015-07-20,182.90400000000002,
2015-07-21,183.5,
2015-07-22,188.967,
2015-07-23,188.967,
2015-07-24,173.57299999999998,
2015-07-25,139.92700000000002,
2015-07-26,137.41299999999998,
2015-07-27,152.493,
2015-07-28,154.189,
2015-07-29,161.289,
2015-07-30,174.327,
2015-07-31,160.944,
2015-08-01,137.382,
2015-08-02,130.345,
2015-08-03,151.111,
2015-08-04,151.80200000000002,
2015-08-05,144.388,
2015-08-06,157.614,
2015-08-07,141.058,
2015-08-08,127.29700000000001,
2015-08-09,126.95200000000001,
2015-08-10,157.362,
2015-08-11,161.415,
2015-08-12,158.68200000000002,
2015-08-13,152.87,
2015-08-14,164.11700000000002,
2015-08-15,142.094,
2015-08-16,142.72299999999998,
2015-08-17,194.873,
2015-08-18,204.832,
2015-08-19,185.44799999999998,
2015-08-20,185.385,
2015-08-21,181.396,
2015-08-22,145.016,
2015-08-23,136.911,
2015-08-24,179.00799999999998,
2015-08-25,178.78799999999998,
2015-08-26,177.02900000000002,
2015-08-27,196.946,
2015-08-28,193.71099999999998,
2015-08-29,156.16899999999998,
2015-08-30,141.874,
2015-08-31,193.334,
2015-09-01,188.84099999999998,
2015-09-02,198.894,
2015-09-03,213.817,
2015-09-04,202.57,
2015-09-05,177.123,
2015-09-06,173.07,
2015-09-07,203.135,
2015-09-08,211.838,
2015-09-09,194.99900000000002,
2015-09-10,202.00400000000002,
2015-09-11,190.28599999999997,
2015-09-12,160.001,
2015-09-13,145.487,
2015-09-14,185.44799999999998,
2015-09-15,198.737,
2015-09-16,200.99900000000002,
2015-09-17,213.44,
2015-09-18,200.49599999999998,
2015-09-19,175.42700000000002,
2015-09-20,177.75099999999998,
2015-09-21,208.75900000000001,
2015-09-22,220.885,
2015-09-23,234.646,
2015-09-24,244.95,
2015-09-25,240.646,
2015-09-26,216.644,
2015-09-27,204.392,
2015-09-28,245.547,
2015-09-29,238.415,
2015-09-30,236.028,
2015-10-01,239.484,
2015-10-02,240.269,
2015-10-03,220.94799999999998,
2015-10-04,202.31900000000002,
2015-10-05,241.33700000000002,
2015-10-06,232.761,
2015-10-07,236.028,
2015-10-08,255.41099999999997,
2015-10-09,252.773,
2015-10-10,228.331,
2015-10-11,256.51099999999997,
2015-10-12,340.36,
2015-10-13,374.00699999999995,
2015-10-14,376.67699999999996,
2015-10-15,368.88599999999997,
2015-10-16,347.837,
2015-10-17,295.75,
2015-10-18,279.539,
2015-10-19,311.866,
2015-10-20,324.621,
2015-10-21,317.018,
2015-10-22,286.639,
2015-10-23,282.241,
2015-10-24,258.67900000000003,
2015-10-25,246.269,
2015-10-26,279.476,
2015-10-27,279.884,
2015-10-28,296.409,
2015-10-29,292.2,
2015-10-30,284.126,
2015-10-31,245.641,
2015-11-01,246.489,
2015-11-02,312.557,
2015-11-03,307.53,
2015-11-04,292.2,
2015-11-05,274.764,
2015-11-06,243.69299999999998,
2015-11-07,199.9,
2015-11-08,204.015,
2015-11-09,263.705,
2015-11-10,261.475,
2015-11-11,267.72700000000003,
2015-11-12,272.188,
2015-11-13,284.817,
2015-11-14,286.325,
2015-11-15,242.71900000000002,
2015-11-16,286.702,
2015-11-17,284.503,
2015-11-18,285.382,
2015-11-19,313.248,
2015-11-20,350.162,
2015-11-21,349.911,
2015-11-22,390.94,
2015-11-23,428.796,
2015-11-24,439.195,
2015-11-25,407.025,
2015-11-26,406.051,
2015-11-27,401.119,
2015-11-28,336.025,
2015-11-29,315.039,
2015-11-30,374.666,
2015-12-01,346.64300000000003,
2015-12-02,331.815,
2015-12-03,343.879,
2015-12-04,323.961,
2015-12-05,327.825,
2015-12-06,284.848,
2015-12-07,328.139,
2015-12-08,322.92400000000004,
2015-12-09,352.015,
2015-12-10,374.227,
2015-12-11,365.964,
2015-12-12,338.098,
2015-12-13,326.97700000000003,
2015-12-14,380.19599999999997,
2015-12-15,367.975,
2015-12-16,321.605,
2015-12-17,275.518,
2015-12-18,294.776,
2015-12-19,252.333,
2015-12-20,254.218,
2015-12-21,303.478,
2015-12-22,280.16700000000003,
2015-12-23,295.687,
2015-12-24,289.027,
2015-12-25,271.685,
2015-12-26,234.206,
2015-12-27,258.113,
2015-12-28,312.086,
2015-12-29,338.35,
2015-12-30,326.411,
2015-12-31,301.216,
2016-01-01,312.84,
2016-01-02,338.601,
2016-01-03,338.13,
2016-01-04,415.664,
2016-01-05,421.413,
2016-01-06,445.82300000000004,
2016-01-07,434.13699999999994,
2016-01-08,403.286,
2016-01-09,350.69599999999997,
2016-01-10,334.014,
2016-01-11,414.376,
2016-01-12,403.94599999999997,
2016-01-13,429.519,
2016-01-14,461.374,
2016-01-15,459.961,
2016-01-16,424.084,
2016-01-17,457.76099999999997,
2016-01-18,566.492,
2016-01-19,548.1759999999999,
2016-01-20,519.148,
2016-01-21,533.851,
2016-01-22,491.376,
2016-01-23,367.441,
2016-01-24,340.83099999999996,
2016-01-25,326.129,
2016-01-26,348.968,
2016-01-27,341.837,
2016-01-28,372.216,
2016-01-29,363.45099999999996,
2016-01-30,349.0,
2016-01-31,331.344,
2016-02-01,328.98800000000006,
2016-02-02,349.408,
2016-02-03,390.28,
2016-02-04,402.092,
2016-02-05,348.18300000000005,
2016-02-06,289.592,
2016-02-07,298.577,
2016-02-08,349.534,
2016-02-09,409.098,
2016-02-10,411.454,
2016-02-11,415.224,
2016-02-12,429.236,
2016-02-13,388.52099999999996,
2016-02-14,412.523,
2016-02-15,455.405,
2016-02-16,472.55800000000005,
2016-02-17,474.349,
2016-02-18,471.39599999999996,
2016-02-19,399.265,
2016-02-20,339.82599999999996,
2016-02-21,304.64,
2016-02-22,390.029,
2016-02-23,403.066,
2016-02-24,435.01599999999996,
2016-02-25,453.80300000000005,
2016-02-26,447.64599999999996,
2016-02-27,375.2,
2016-02-28,379.56699999999995,
2016-02-29,425.215,
2016-03-01,454.871,
2016-03-02,410.48,
2016-03-03,416.827,
2016-03-04,451.667,
2016-03-05,386.63599999999997,
2016-03-06,380.635,
2016-03-07,426.754,
2016-03-08,424.209,
2016-03-09,401.213,
2016-03-10,392.44800000000004,
2016-03-11,413.74800000000005,
2016-03-12,357.356,
2016-03-13,346.17199999999997,
2016-03-14,394.42699999999996,
2016-03-15,412.74199999999996,
2016-03-16,391.12800000000004,
2016-03-17,372.624,
2016-03-18,401.74699999999996,
2016-03-19,341.994,
2016-03-20,323.144,
2016-03-21,372.93800000000005,
2016-03-22,361.723,
2016-03-23,353.838,
2016-03-24,358.39300000000003,
2016-03-25,359.30400000000003,
2016-03-26,237.59900000000002,
2016-03-27,253.935,
2016-03-28,274.66900000000004,
2016-03-29,322.39,
2016-03-30,316.64099999999996,
2016-03-31,339.07199999999995,
2016-04-01,304.64,
2016-04-02,243.34799999999998,
2016-04-03,191.606,
2016-04-04,257.988,
2016-04-05,283.12,
2016-04-06,303.101,
2016-04-07,322.139,
2016-04-08,326.097,
2016-04-09,253.338,
2016-04-10,228.80200000000002,
2016-04-11,238.604,
2016-04-12,246.77200000000002,
2016-04-13,268.638,
2016-04-14,247.21200000000002,
2016-04-15,251.704,
2016-04-16,238.29,
2016-04-17,253.96599999999998,
2016-04-18,283.34,
2016-04-19,270.55400000000003,
2016-04-20,264.711,
2016-04-21,251.484,
2016-04-22,259.464,
2016-04-23,255.38,
2016-04-24,280.26099999999997,
2016-04-25,351.89,
2016-04-26,353.366,
2016-04-27,316.735,
2016-04-28,329.67900000000003,
2016-04-29,308.661,
2016-04-30,255.41099999999997,
2016-05-01,234.52,
2016-05-02,241.274,
2016-05-03,238.69799999999998,
2016-05-04,224.498,
2016-05-05,174.107,
2016-05-06,162.106,
2016-05-07,138.136,
2016-05-08,135.12,
2016-05-09,158.808,
2016-05-10,159.938,
2016-05-11,162.452,
2016-05-12,163.99099999999999,
2016-05-13,162.012,
2016-05-14,171.562,
2016-05-15,185.291,
2016-05-16,198.549,
2016-05-17,221.765,
2016-05-18,224.31,
2016-05-19,215.105,
2016-05-20,207.09400000000002,
2016-05-21,143.759,
2016-05-22,165.53099999999998,
2016-05-23,228.582,
2016-05-24,235.4,
2016-05-25,239.138,
2016-05-26,206.183,
2016-05-27,190.192,
2016-05-28,145.92700000000002,
2016-05-29,143.194,
2016-05-30,192.548,
2016-05-31,178.41099999999997,
2016-06-01,185.668,
2016-06-02,183.18599999999998,
2016-06-03,186.045,
2016-06-04,141.56,
2016-06-05,137.602,
2016-06-06,172.725,
2016-06-07,172.31599999999997,
2016-06-08,165.71900000000002,
2016-06-09,173.07,
2016-06-10,178.56799999999998,
2016-06-11,149.94799999999998,
2016-06-12,145.55,
2016-06-13,195.34400000000002,
2016-06-14,194.18200000000002,
2016-06-15,203.952,
2016-06-16,197.543,
2016-06-17,191.48,
2016-06-18,151.55,
2016-06-19,152.901,
2016-06-20,196.31799999999998,
2016-06-21,198.266,
2016-06-22,188.18099999999998,
2016-06-23,192.8,
2016-06-24,181.364,
2016-06-25,145.67600000000002,
2016-06-26,148.754,
2016-06-27,195.12400000000002,
2016-06-28,190.44299999999998,
2016-06-29,184.41099999999997,
2016-06-30,191.983,
2016-07-01,193.239,
2016-07-02,149.697,
2016-07-03,154.786,
2016-07-04,188.433,
2016-07-05,189.03,
2016-07-06,200.528,
2016-07-07,196.09799999999998,
2016-07-08,190.632,
2016-07-09,151.865,
2016-07-10,145.173,
2016-07-11,173.981,
2016-07-12,192.36,
2016-07-13,183.972,
2016-07-14,180.359,
2016-07-15,169.709,
2016-07-16,147.623,
2016-07-17,145.80100000000002,
2016-07-18,189.94099999999997,
2016-07-19,183.092,
2016-07-20,181.458,
2016-07-21,185.762,
2016-07-22,183.5,
2016-07-23,143.414,
2016-07-24,140.398,
2016-07-25,184.34900000000002,
2016-07-26,184.946,
2016-07-27,179.22799999999998,
2016-07-28,191.826,
2016-07-29,174.358,
2016-07-30,148.158,
2016-07-31,143.131,
2016-08-01,176.338,
2016-08-02,190.16099999999997,
2016-08-03,163.834,
2016-08-04,170.52599999999998,
2016-08-05,180.17,
2016-08-06,151.079,
2016-08-07,137.256,
2016-08-08,166.09599999999998,
2016-08-09,184.47400000000002,
2016-08-10,169.709,
2016-08-11,196.287,
2016-08-12,176.21200000000002,
2016-08-13,149.82299999999998,
2016-08-14,153.058,
2016-08-15,180.453,
2016-08-16,195.56400000000002,
2016-08-17,199.805,
2016-08-18,200.308,
2016-08-19,195.50099999999998,
2016-08-20,161.541,
2016-08-21,153.592,
2016-08-22,209.984,
2016-08-23,199.02,
2016-08-24,198.611,
2016-08-25,190.035,
2016-08-26,196.475,
2016-08-27,170.11700000000002,
2016-08-28,151.45600000000002,
2016-08-29,201.78400000000002,
2016-08-30,207.282,
2016-08-31,207.43900000000002,
2016-09-01,208.602,
2016-09-02,201.942,
2016-09-03,170.4,
2016-09-04,161.761,
2016-09-05,209.199,
2016-09-06,206.21400000000003,
2016-09-07,200.622,
2016-09-08,203.764,
2016-09-09,204.518,
2016-09-10,182.30700000000002,
2016-09-11,181.458,
2016-09-12,203.292,
2016-09-13,201.43900000000002,
2016-09-14,203.544,
2016-09-15,201.722,
2016-09-16,205.68,
2016-09-17,177.343,
2016-09-18,175.804,
2016-09-19,213.09400000000002,
2016-09-20,210.235,
2016-09-21,207.377,
2016-09-22,212.81099999999998,
2016-09-23,205.429,
2016-09-24,175.709,
2016-09-25,162.546,
2016-09-26,215.639,
2016-09-27,214.257,
2016-09-28,184.78799999999998,
2016-09-29,188.967,
2016-09-30,207.062,
2016-10-01,201.69,
2016-10-02,205.743,
2016-10-03,213.25099999999998,
2016-10-04,226.477,
2016-10-05,243.09599999999998,
2016-10-06,272.156,
2016-10-07,263.894,
2016-10-08,234.426,
2016-10-09,252.835,
2016-10-10,305.08,
2016-10-11,315.384,
2016-10-12,310.264,
2016-10-13,303.666,
2016-10-14,286.639,
2016-10-15,255.22299999999998,
2016-10-16,222.676,
2016-10-17,264.77299999999997,
2016-10-18,308.222,
2016-10-19,326.034,
2016-10-20,342.434,
2016-10-21,329.67900000000003,
2016-10-22,299.73900000000003,
2016-10-23,304.2,
2016-10-24,359.49199999999996,
2016-10-25,354.026,
2016-10-26,329.49,
2016-10-27,292.639,
2016-10-28,277.308,
2016-10-29,250.385,
2016-10-30,269.863,
2016-10-31,296.566,
2016-11-01,307.656,
2016-11-02,323.427,
2016-11-03,347.61699999999996,
2016-11-04,338.789,
2016-11-05,312.494,
2016-11-06,319.154,
2016-11-07,404.574,
2016-11-08,442.902,
2016-11-09,438.786,
2016-11-10,425.78,
2016-11-11,429.958,
2016-11-12,408.43800000000005,
2016-11-13,408.124,
2016-11-14,445.164,
2016-11-15,361.597,
2016-11-16,320.6,
2016-11-17,330.213,
2016-11-18,363.074,
2016-11-19,341.962,
2016-11-20,317.80400000000003,
2016-11-21,316.07599999999996,
2016-11-22,327.385,
2016-11-23,349.973,
2016-11-24,381.01199999999994,
2016-11-25,422.23,
2016-11-26,418.61699999999996,
2016-11-27,368.038,
2016-11-28,471.899,
2016-11-29,508.875,
2016-11-30,450.159,
2016-12-01,385.788,
2016-12-02,398.165,
2016-12-03,428.07300000000004,
2016-12-04,466.55800000000005,
2016-12-05,515.158,
2016-12-06,486.099,
2016-12-07,416.38699999999994,
2016-12-08,380.00699999999995,
2016-12-09,348.18300000000005,
2016-12-10,331.218,
2016-12-11,320.851,
2016-12-12,407.119,
2016-12-13,411.17199999999997,
2016-12-14,389.306,
2016-12-15,413.87300000000005,
2016-12-16,427.69599999999997,
2016-12-17,365.619,
2016-12-18,387.57800000000003,
2016-12-19,438.723,
2016-12-20,502.05800000000005,
2016-12-21,460.11800000000005,
2016-12-22,422.733,
2016-12-23,405.58,
2016-12-24,333.731,
2016-12-25,281.675,
2016-12-26,317.835,
2016-12-27,392.416,
2016-12-28,451.164,
2016-12-29,491.18800000000005,
2016-12-30,480.287,
2016-12-31,435.707,
2017-01-01,432.283,
2017-01-02,452.327,
2017-01-03,440.074,
2017-01-04,432.69199999999995,
2017-01-05,520.279,
2017-01-06,547.831,
2017-01-07,493.167,
2017-01-08,417.235,
2017-01-09,441.865,
2017-01-10,428.57599999999996,
2017-01-11,399.077,
2017-01-12,435.77,
2017-01-13,455.06,
2017-01-14,442.462,
2017-01-15,460.463,
2017-01-16,542.427,
2017-01-17,580.975,
2017-01-18,589.269,
2017-01-19,553.3919999999999,
2017-01-20,533.945,
2017-01-21,491.157,
2017-01-22,485.659,
2017-01-23,533.882,
2017-01-24,521.065,
2017-01-25,570.0419999999999,
2017-01-26,565.581,
2017-01-27,507.93300000000005,
2017-01-28,391.254,
2017-01-29,396.72,
2017-01-30,450.347,
2017-01-31,473.784,
2017-02-01,454.023,
2017-02-02,376.20599999999996,
2017-02-03,364.89599999999996,
2017-02-04,362.885,
2017-02-05,366.907,
2017-02-06,426.06300000000005,
2017-02-07,475.731,
2017-02-08,523.923,
2017-02-09,555.559,
2017-02-10,564.764,
2017-02-11,491.62800000000004,
2017-02-12,454.714,
2017-02-13,462.977,
2017-02-14,439.195,
2017-02-15,392.856,
2017-02-16,386.88699999999994,
2017-02-17,408.973,
2017-02-18,365.022,
2017-02-19,345.858,
2017-02-20,356.69599999999997,
2017-02-21,324.652,
2017-02-22,344.224,
2017-02-23,379.881,
2017-02-24,393.139,
2017-02-25,364.89599999999996,
2017-02-26,321.134,
2017-02-27,355.18800000000005,
2017-02-28,405.517,
2017-03-01,377.023,
2017-03-02,396.689,
2017-03-03,378.436,
2017-03-04,314.285,
2017-03-05,319.626,
2017-03-06,383.777,
2017-03-07,403.19199999999995,
2017-03-08,413.05699999999996,
2017-03-09,369.38800000000003,
2017-03-10,340.83099999999996,
2017-03-11,296.095,
2017-03-12,277.874,
2017-03-13,345.45,
2017-03-14,335.11400000000003,
2017-03-15,313.28,
2017-03-16,282.241,
2017-03-17,302.78700000000003,
2017-03-18,288.681,
2017-03-19,264.899,
2017-03-20,320.16,
2017-03-21,328.265,
2017-03-22,339.355,
2017-03-23,318.432,
2017-03-24,304.546,
2017-03-25,248.40599999999998,
2017-03-26,266.376,
2017-03-27,288.30400000000003,
2017-03-28,264.27099999999996,
2017-03-29,277.56,
2017-03-30,225.78599999999997,
2017-03-31,220.60299999999998,
2017-04-01,230.813,
2017-04-02,210.738,
2017-04-03,273.507,
2017-04-04,268.952,
2017-04-05,288.964,
2017-04-06,314.316,
2017-04-07,291.414,
2017-04-08,247.495,
2017-04-09,201.69,
2017-04-10,269.14,
2017-04-11,273.036,
2017-04-12,298.703,
2017-04-13,291.885,
2017-04-14,311.143,
2017-04-15,261.883,
2017-04-16,265.967,
2017-04-17,275.54900000000004,
2017-04-18,330.496,
2017-04-19,359.461,
2017-04-20,308.536,
2017-04-21,278.062,
2017-04-22,262.26,
2017-04-23,262.009,
2017-04-24,295.718,
2017-04-25,326.223,
2017-04-26,333.574,
2017-04-27,308.096,
2017-04-28,311.834,
2017-04-29,261.757,
2017-04-30,205.80599999999998,
2017-05-01,275.518,
2017-05-02,286.41900000000004,
2017-05-03,277.717,
2017-05-04,267.004,
2017-05-05,302.473,
2017-05-06,200.65400000000002,
2017-05-07,206.37099999999998,
2017-05-08,270.20799999999997,
2017-05-09,280.921,
2017-05-10,268.26099999999997,
2017-05-11,222.92700000000002,
2017-05-12,211.398,
2017-05-13,184.63099999999997,
2017-05-14,170.18,
2017-05-15,197.606,
2017-05-16,194.15,
2017-05-17,177.37400000000002,
2017-05-18,187.993,
2017-05-19,204.204,
2017-05-20,183.62599999999998,
2017-05-21,168.295,
2017-05-22,201.37599999999998,
2017-05-23,198.392,
2017-05-24,198.957,
2017-05-25,153.561,
2017-05-26,166.222,
2017-05-27,146.775,
2017-05-28,146.36700000000002,
2017-05-29,194.465,
2017-05-30,193.773,
2017-05-31,196.97799999999998,
2017-06-01,195.847,
2017-06-02,185.13400000000001,
2017-06-03,145.99,
2017-06-04,135.34,
2017-06-05,139.80100000000002,
2017-06-06,164.99599999999998,
2017-06-07,185.574,
2017-06-08,172.03400000000002,
2017-06-09,188.18099999999998,
2017-06-10,150.105,
2017-06-11,142.84799999999998,
2017-06-12,186.454,
2017-06-13,210.33,
2017-06-14,198.988,
2017-06-15,181.364,
2017-06-16,175.646,
2017-06-17,141.811,
2017-06-18,152.58700000000002,
2017-06-19,196.821,
2017-06-20,197.292,
2017-06-21,197.763,
2017-06-22,188.84099999999998,
2017-06-23,184.69400000000002,
2017-06-24,161.446,
2017-06-25,164.83900000000003,
2017-06-26,212.52900000000002,
2017-06-27,211.963,
2017-06-28,212.65400000000002,
2017-06-29,203.795,
2017-06-30,194.55900000000003,
2017-07-01,166.69299999999998,
2017-07-02,166.75599999999997,
2017-07-03,191.763,
2017-07-04,219.84900000000002,
2017-07-05,217.68099999999998,
2017-07-06,214.31900000000002,
2017-07-07,205.9,
2017-07-08,174.735,
2017-07-09,168.578,
2017-07-10,215.608,
2017-07-11,219.62900000000002,
2017-07-12,216.676,
2017-07-13,220.19400000000002,
2017-07-14,210.392,
2017-07-15,163.174,
2017-07-16,161.415,
2017-07-17,209.513,
2017-07-18,199.93099999999998,
2017-07-19,190.28599999999997,
2017-07-20,207.21900000000002,
2017-07-21,191.26,
2017-07-22,155.32,
2017-07-23,158.24200000000002,
2017-07-24,209.638,
2017-07-25,202.57,
2017-07-26,186.893,
2017-07-27,187.64700000000002,
2017-07-28,159.593,
2017-07-29,149.194,
2017-07-30,136.911,
2017-07-31,165.845,
2017-08-01,181.96099999999998,
2017-08-02,179.102,
2017-08-03,155.72899999999998,
2017-08-04,149.069,
2017-08-05,142.817,
2017-08-06,142.534,
2017-08-07,168.358,
2017-08-08,180.799,
2017-08-09,176.93400000000003,
2017-08-10,206.81099999999998,
2017-08-11,196.821,
2017-08-12,155.634,
2017-08-13,148.377,
2017-08-14,170.62,
2017-08-15,182.18099999999998,
2017-08-16,182.118,
2017-08-17,175.898,
2017-08-18,179.636,
2017-08-19,157.048,
2017-08-20,157.519,
2017-08-21,189.56400000000002,
2017-08-22,192.328,
2017-08-23,187.74200000000002,
2017-08-24,192.862,
2017-08-25,191.32299999999998,
2017-08-26,164.965,
2017-08-27,164.368,
2017-08-28,206.87400000000002,
2017-08-29,201.722,
2017-08-30,203.764,
2017-08-31,214.63400000000001,
2017-09-01,213.565,
2017-09-02,166.69299999999998,
2017-09-03,167.47799999999998,
2017-09-04,210.864,
2017-09-05,210.235,
2017-09-06,211.775,
2017-09-07,211.209,
2017-09-08,214.854,
2017-09-09,183.563,
2017-09-10,175.018,
2017-09-11,202.13,
2017-09-12,211.021,
2017-09-13,221.419,
2017-09-14,260.595,
2017-09-15,249.725,
2017-09-16,224.592,
2017-09-17,209.984,
2017-09-18,271.057,
2017-09-19,270.397,
2017-09-20,257.83099999999996,
2017-09-21,248.5,
2017-09-22,259.401,
2017-09-23,217.178,
2017-09-24,193.83599999999998,
2017-09-25,253.24400000000003,
2017-09-26,261.663,
2017-09-27,257.108,
2017-09-28,256.825,
2017-09-29,234.583,
2017-09-30,220.477,
2017-10-01,196.601,
2017-10-02,228.708,
2017-10-03,247.84,
2017-10-04,260.061,
2017-10-05,263.23400000000004,
2017-10-06,281.235,
2017-10-07,266.25,
2017-10-08,260.815,
2017-10-09,301.499,
2017-10-10,275.172,
2017-10-11,264.27099999999996,
2017-10-12,268.22900000000004,
2017-10-13,252.615,
2017-10-14,210.11,
2017-10-15,186.925,
2017-10-16,231.787,
2017-10-17,263.23400000000004,
2017-10-18,268.763,
2017-10-19,248.123,
2017-10-20,251.61,
2017-10-21,218.592,
2017-10-22,255.537,
2017-10-23,292.73400000000004,
2017-10-24,262.95099999999996,
2017-10-25,264.993,
2017-10-26,264.742,
2017-10-27,261.255,
2017-10-28,247.4,
2017-10-29,256.134,
2017-10-30,327.323,
2017-10-31,323.992,
2017-11-01,309.258,
2017-11-02,321.54200000000003,
2017-11-03,324.369,
2017-11-04,282.492,
2017-11-05,301.907,
2017-11-06,373.158,
2017-11-07,400.836,
2017-11-08,389.18,
2017-11-09,353.461,
2017-11-10,334.20300000000003,
2017-11-11,354.686,
2017-11-12,353.461,
2017-11-13,391.44199999999995,
2017-11-14,385.379,
2017-11-15,368.13199999999995,
2017-11-16,359.65,
2017-11-17,363.671,
2017-11-18,331.501,
2017-11-19,322.861,
2017-11-20,396.343,
2017-11-21,337.281,
2017-11-22,309.07,
2017-11-23,326.16,
2017-11-24,377.80800000000005,
2017-11-25,400.42699999999996,
2017-11-26,379.944,
2017-11-27,403.31800000000004,
2017-11-28,428.57599999999996,
2017-11-29,468.94599999999997,
2017-11-30,480.412,
2017-12-01,491.973,
2017-12-02,483.711,
2017-12-03,437.121,
2017-12-04,415.853,
2017-12-05,409.287,
2017-12-06,388.08099999999996,
2017-12-07,436.901,
2017-12-08,478.87300000000005,
2017-12-09,457.57300000000004,
2017-12-10,486.884,
2017-12-11,544.815,
2017-12-12,462.694,
2017-12-13,490.591,
2017-12-14,490.528,
2017-12-15,483.02,
2017-12-16,445.289,
2017-12-17,389.62,
2017-12-18,462.254,
2017-12-19,458.48400000000004,
2017-12-20,418.49199999999996,
2017-12-21,401.087,
2017-12-22,387.767,
2017-12-23,330.81,
2017-12-24,317.992,
2017-12-25,333.35400000000004,
2017-12-26,359.744,
2017-12-27,422.67,
2017-12-28,432.786,
2017-12-29,448.839,
2017-12-30,335.019,
2017-12-31,303.60400000000004,
2018-01-01,312.692,
2018-01-02,333.92400000000004,
2018-01-03,335.63,
2018-01-04,318.964,
2018-01-05,320.164,
2018-01-06,339.80699999999996,
2018-01-07,402.64300000000003,
2018-01-08,431.533,
2018-01-09,392.162,
2018-01-10,337.173,
2018-01-11,332.714,
2018-01-12,338.944,
2018-01-13,333.584,
2018-01-14,365.55800000000005,
2018-01-15,378.966,
2018-01-16,377.80199999999996,
2018-01-17,393.49199999999996,
2018-01-18,398.04900000000004,
2018-01-19,388.305,
2018-01-20,383.265,
2018-01-21,370.014,
2018-01-22,360.005,
2018-01-23,314.41700000000003,
2018-01-24,283.406,
2018-01-25,311.628,
2018-01-26,343.875,
2018-01-27,325.04200000000003,
2018-01-28,294.434,
2018-01-29,320.655,
2018-01-30,348.288,
2018-01-31,362.355,
2018-02-01,392.36199999999997,
2018-02-02,366.649,
2018-02-03,363.519,
2018-02-04,402.55,
2018-02-05,442.749,
2018-02-06,465.51599999999996,
2018-02-07,461.119,
2018-02-08,434.425,
2018-02-09,410.5,
2018-02-10,282.869,
2018-02-11,377.425,
2018-02-12,392.462,
2018-02-13,395.986,
2018-02-14,384.168,
2018-02-15,386.588,
2018-02-16,331.62,
2018-02-17,351.532,
2018-02-18,359.809,
2018-02-19,420.715,
2018-02-20,411.94,
2018-02-21,416.13,
2018-02-22,419.93199999999996,
2018-02-23,420.716,
2018-02-24,445.009,
2018-02-25,472.71,
2018-02-26,495.765,
2018-02-27,480.68699999999995,
2018-02-28,573.178,
2018-03-01,572.805,
2018-03-02,547.25,
2018-03-03,475.31199999999995,
2018-03-04,367.537,
2018-03-05,312.873,
2018-03-06,297.332,
2018-03-07,303.219,
2018-03-08,334.833,
2018-03-09,289.161,
2018-03-10,248.672,
2018-03-11,262.144,
2018-03-12,241.24599999999998,
2018-03-13,330.741,
2018-03-14,281.362,
2018-03-15,303.301,
2018-03-16,364.25300000000004,
2018-03-17,470.457,
2018-03-18,463.496,
2018-03-19,408.67699999999996,
2018-03-20,350.091,
2018-03-21,336.88,
2018-03-22,335.01,
2018-03-23,328.406,
2018-03-24,251.90099999999998,
2018-03-25,282.499,
2018-03-26,309.76099999999997,
2018-03-27,317.45099999999996,
2018-03-28,336.04699999999997,
2018-03-29,294.714,
2018-03-30,283.87,
2018-03-31,255.199,
2018-04-01,290.177,
2018-04-02,291.881,
2018-04-03,222.94799999999998,
2018-04-04,254.333,
2018-04-05,285.25,
2018-04-06,254.013,
2018-04-07,196.09400000000002,
2018-04-08,177.899,
2018-04-09,179.72099999999998,
2018-04-10,157.661,
2018-04-11,171.34099999999998,
2018-04-12,201.676,
2018-04-13,186.31900000000002,
2018-04-14,195.34799999999998,
2018-04-15,183.305,
2018-04-16,161.033,
2018-04-17,181.81599999999997,
2018-04-18,149.43200000000002,
2018-04-19,119.432,
2018-04-20,122.804,
2018-04-21,140.946,
2018-04-22,143.982,
2018-04-23,162.641,
2018-04-24,161.709,
2018-04-25,203.18599999999998,
2018-04-26,218.422,
2018-04-27,195.856,
2018-04-28,202.373,
2018-04-29,223.472,
2018-04-30,263.198,
2018-05-01,241.609,
2018-05-02,201.532,
2018-05-03,187.955,
2018-05-04,164.773,
2018-05-05,158.113,
2018-05-06,141.461,
2018-05-07,154.773,
2018-05-08,146.34,
2018-05-09,143.09799999999998,
2018-05-10,153.881,
2018-05-11,153.11,
2018-05-12,141.18,
2018-05-13,154.835,
2018-05-14,154.27100000000002,
2018-05-15,139.093,
2018-05-16,158.47799999999998,
2018-05-17,163.447,
2018-05-18,187.899,
2018-05-19,175.761,
2018-05-20,135.539,
2018-05-21,129.43200000000002,
2018-05-22,130.2,
2018-05-23,137.66,
2018-05-24,143.815,
2018-05-25,134.732,
2018-05-26,131.279,
2018-05-27,130.96200000000002,
2018-05-28,143.82399999999998,
2018-05-29,149.491,
2018-05-30,148.618,
2018-05-31,154.88299999999998,
2018-06-01,150.683,
2018-06-02,129.556,
2018-06-03,133.446,
2018-06-04,164.4,
2018-06-05,173.322,
2018-06-06,164.291,
2018-06-07,163.863,
2018-06-08,158.063,
2018-06-09,131.418,
2018-06-10,142.528,
2018-06-11,156.733,
2018-06-12,156.186,
2018-06-13,172.274,
2018-06-14,167.45,
2018-06-15,160.764,
2018-06-16,142.625,
2018-06-17,145.785,
2018-06-18,147.186,
2018-06-19,163.314,
2018-06-20,138.204,
2018-06-21,142.656,
2018-06-22,151.269,
2018-06-23,143.65,
2018-06-24,147.002,
2018-06-25,156.214,
2018-06-26,140.439,
2018-06-27,119.34299999999999,
2018-06-28,117.066,
2018-06-29,117.104,
2018-06-30,126.73899999999999,
2018-07-01,126.12200000000001,
2018-07-02,138.55700000000002,
2018-07-03,137.60299999999998,
2018-07-04,130.52,
2018-07-05,128.918,
2018-07-06,131.187,
2018-07-07,116.693,
2018-07-08,128.227,
2018-07-09,131.303,
2018-07-10,139.987,
2018-07-11,127.118,
2018-07-12,121.971,
2018-07-13,113.70100000000001,
2018-07-14,91.73100000000001,
2018-07-15,113.27,
2018-07-16,124.566,
2018-07-17,111.13600000000001,
2018-07-18,119.493,
2018-07-19,122.43299999999999,
2018-07-20,113.708,
2018-07-21,82.675,
2018-07-22,110.015,
2018-07-23,111.654,
2018-07-24,106.291,
2018-07-25,114.34700000000001,
2018-07-26,119.24,
2018-07-27,112.936,
2018-07-28,99.869,
2018-07-29,116.979,
2018-07-30,127.046,
2018-07-31,118.23,
2018-08-01,118.64200000000001,
2018-08-02,147.08700000000002,
2018-08-03,146.166,
2018-08-04,123.287,
2018-08-05,107.64299999999999,
2018-08-06,125.76100000000001,
2018-08-07,111.72200000000001,
2018-08-08,119.061,
2018-08-09,119.29799999999999,
2018-08-10,131.776,
2018-08-11,133.365,
2018-08-12,129.716,
2018-08-13,124.52,
2018-08-14,121.055,
2018-08-15,114.447,
2018-08-16,121.47399999999999,
2018-08-17,117.59100000000001,
2018-08-18,105.007,
2018-08-19,114.905,
2018-08-20,142.403,
2018-08-21,138.651,
2018-08-22,138.094,
2018-08-23,121.31200000000001,
2018-08-24,127.244,
2018-08-25,105.23100000000001,
2018-08-26,131.972,
2018-08-27,138.37,
2018-08-28,135.463,
2018-08-29,154.42700000000002,
2018-08-30,150.336,
2018-08-31,141.459,
2018-09-01,109.256,
2018-09-02,142.291,
2018-09-03,138.591,
2018-09-04,147.54399999999998,
2018-09-05,143.593,
2018-09-06,146.49,
2018-09-07,136.631,
2018-09-08,132.414,
2018-09-09,146.071,
2018-09-10,145.05700000000002,
2018-09-11,142.30700000000002,
2018-09-12,154.69799999999998,
2018-09-13,147.567,
2018-09-14,137.47,
2018-09-15,143.09,
2018-09-16,150.187,
2018-09-17,148.433,
2018-09-18,140.933,
2018-09-19,137.813,
2018-09-20,124.581,
2018-09-21,159.738,
2018-09-22,170.296,
2018-09-23,194.43900000000002,
2018-09-24,202.74,
2018-09-25,185.61700000000002,
2018-09-26,172.80200000000002,
2018-09-27,155.628,
2018-09-28,182.78900000000002,
2018-09-29,163.487,
2018-09-30,178.39,
2018-10-01,201.03,
2018-10-02,226.232,
2018-10-03,207.03,
2018-10-04,180.827,
2018-10-05,160.632,
2018-10-06,156.80100000000002,
2018-10-07,183.768,
2018-10-08,204.138,
2018-10-09,187.225,
2018-10-10,159.46200000000002,
2018-10-11,149.792,
2018-10-12,140.127,
2018-10-13,130.795,
2018-10-14,149.67600000000002,
2018-10-15,148.716,
2018-10-16,135.907,
2018-10-17,146.641,
2018-10-18,164.59799999999998,
2018-10-19,185.709,
2018-10-20,154.047,
2018-10-21,175.02599999999998,
2018-10-22,177.55900000000003,
2018-10-23,212.52900000000002,
2018-10-24,180.00900000000001,
2018-10-25,195.584,
2018-10-26,219.294,
2018-10-27,252.69400000000002,
2018-10-28,293.281,
2018-10-29,321.578,
2018-10-30,305.663,
2018-10-31,256.443,
2018-11-01,241.143,
2018-11-02,264.152,
2018-11-03,269.638,
2018-11-04,282.207,
2018-11-05,264.874,
2018-11-06,205.215,
2018-11-07,229.886,
2018-11-08,236.77700000000002,
2018-11-09,240.3,
2018-11-10,222.37099999999998,
2018-11-11,237.50900000000001,
2018-11-12,243.703,
2018-11-13,245.92700000000002,
2018-11-14,261.756,
2018-11-15,279.508,
2018-11-16,307.717,
2018-11-17,306.22,
2018-11-18,328.039,
2018-11-19,372.473,
2018-11-20,398.754,
2018-11-21,378.91900000000004,
2018-11-22,376.23199999999997,
2018-11-23,350.25199999999995,
2018-11-24,333.839,
2018-11-25,336.495,
2018-11-26,368.543,
2018-11-27,378.653,
2018-11-28,356.415,
2018-11-29,309.849,
2018-11-30,298.866,
2018-12-01,296.319,
2018-12-02,258.265,
2018-12-03,261.486,
2018-12-04,319.074,
2018-12-05,323.117,
2018-12-06,264.205,
2018-12-07,278.63,
2018-12-08,282.926,
2018-12-09,296.55,
2018-12-10,378.42,
2018-12-11,357.17199999999997,
2018-12-12,381.62,
2018-12-13,411.281,
2018-12-14,415.296,
2018-12-15,416.009,
2018-12-16,389.208,
2018-12-17,355.18,
2018-12-18,353.126,
2018-12-19,324.21,
2018-12-20,328.75,
2018-12-21,287.71,
2018-12-22,279.92900000000003,
2018-12-23,287.54,
2018-12-24,297.7,
2018-12-25,313.871,
2018-12-26,334.778,
2018-12-27,375.42699999999996,
2018-12-28,356.015,
2018-12-29,309.644,
2018-12-30,276.846,
2018-12-31,261.219,
2019-01-01,275.702,
2019-01-02,341.85699999999997,
2019-01-03,342.031,
2019-01-04,340.996,
2019-01-05,313.241,
2019-01-06,308.529,
2019-01-07,318.172,
2019-01-08,341.37800000000004,
2019-01-09,376.32599999999996,
2019-01-10,371.952,
2019-01-11,307.276,
2019-01-12,292.454,
2019-01-13,325.366,
2019-01-14,366.663,
2019-01-15,350.045,
2019-01-16,363.57599999999996,
2019-01-17,403.376,
2019-01-18,421.473,
2019-01-19,422.542,
2019-01-20,430.043,
2019-01-21,444.153,
2019-01-22,469.009,
2019-01-23,456.785,
2019-01-24,461.301,
2019-01-25,409.959,
2019-01-26,311.54900000000004,
2019-01-27,347.63,
2019-01-28,391.649,
2019-01-29,397.355,
2019-01-30,417.836,
2019-01-31,436.875,
2019-02-01,409.185,
2019-02-02,368.161,
2019-02-03,355.74,
2019-02-04,501.913,
2019-02-05,396.726,
2019-02-06,380.61400000000003,
2019-02-07,328.551,
2019-02-08,340.411,
2019-02-09,300.629,
2019-02-10,319.035,
2019-02-11,361.903,
2019-02-12,348.774,
2019-02-13,361.272,
2019-02-14,330.43800000000005,
2019-02-15,295.058,
2019-02-16,267.998,
2019-02-17,262.052,
2019-02-18,276.365,
2019-02-19,296.012,
2019-02-20,296.055,
2019-02-21,295.626,
2019-02-22,273.15,
2019-02-23,249.877,
2019-02-24,265.061,
2019-02-25,272.295,
2019-02-26,257.629,
2019-02-27,236.78099999999998,
2019-02-28,267.193,
2019-03-01,306.241,
2019-03-02,251.01,
2019-03-03,257.70599999999996,
2019-03-04,314.832,
2019-03-05,303.072,
2019-03-06,298.51599999999996,
2019-03-07,292.363,
2019-03-08,288.418,
2019-03-09,291.6,
2019-03-10,324.457,
2019-03-11,357.574,
2019-03-12,343.56800000000004,
2019-03-13,360.004,
2019-03-14,328.207,
2019-03-15,293.742,
2019-03-16,278.57099999999997,
2019-03-17,284.877,
2019-03-18,322.151,
2019-03-19,297.474,
2019-03-20,285.96,
2019-03-21,263.705,
2019-03-22,229.023,
2019-03-23,238.641,
2019-03-24,242.543,
2019-03-25,298.775,
2019-03-26,295.675,
2019-03-27,271.052,
2019-03-28,273.063,
2019-03-29,223.733,
2019-03-30,184.989,
2019-03-31,222.935,
2019-04-01,251.69,
2019-04-02,248.85299999999998,
2019-04-03,282.53,
2019-04-04,288.825,
2019-04-05,259.789,
2019-04-06,214.575,
2019-04-07,173.37900000000002,
2019-04-08,201.26,
2019-04-09,218.577,
2019-04-10,264.347,
2019-04-11,268.26599999999996,
2019-04-12,306.252,
2019-04-13,284.508,
2019-04-14,269.86400000000003,
2019-04-15,232.726,
2019-04-16,215.653,
2019-04-17,200.35,
2019-04-18,166.447,
2019-04-19,155.02,
2019-04-20,137.023,
2019-04-21,135.289,
2019-04-22,140.63299999999998,
2019-04-23,159.17,
2019-04-24,157.518,
2019-04-25,170.109,
2019-04-26,174.80700000000002,
2019-04-27,187.192,
2019-04-28,205.915,
2019-04-29,217.335,
2019-04-30,230.298,
2019-05-01,227.09400000000002,
2019-05-02,241.52700000000002,
2019-05-03,240.764,
2019-05-04,240.09400000000002,
2019-05-05,248.415,
2019-05-06,284.265,
2019-05-07,250.507,
2019-05-08,251.13299999999998,
2019-05-09,221.77599999999998,
2019-05-10,211.59099999999998,
2019-05-11,188.75400000000002,
2019-05-12,197.73,
2019-05-13,220.697,
2019-05-14,214.826,
2019-05-15,198.94400000000002,
2019-05-16,195.77,
2019-05-17,195.775,
2019-05-18,197.894,
2019-05-19,147.299,
2019-05-20,195.645,
2019-05-21,208.62,
2019-05-22,178.61900000000003,
2019-05-23,175.136,
2019-05-24,155.403,
2019-05-25,129.018,
2019-05-26,138.842,
2019-05-27,177.553,
2019-05-28,185.521,
2019-05-29,172.06900000000002,
2019-05-30,154.821,
2019-05-31,146.231,
2019-06-01,136.82299999999998,
2019-06-02,120.068,
2019-06-03,163.872,
2019-06-04,151.862,
2019-06-05,155.435,
2019-06-06,172.109,
2019-06-07,152.033,
2019-06-08,153.975,
2019-06-09,138.358,
2019-06-10,141.822,
2019-06-11,165.28400000000002,
2019-06-12,172.438,
2019-06-13,165.092,
2019-06-14,148.516,
2019-06-15,138.093,
2019-06-16,127.751,
2019-06-17,129.78799999999998,
2019-06-18,148.17700000000002,
2019-06-19,161.984,
2019-06-20,167.63,
2019-06-21,167.613,
2019-06-22,152.096,
2019-06-23,140.342,
2019-06-24,159.121,
2019-06-25,165.487,
2019-06-26,160.107,
2019-06-27,169.05,
2019-06-28,170.858,
2019-06-29,151.06799999999998,
2019-06-30,143.059,
2019-07-01,157.374,
2019-07-02,167.485,
2019-07-03,169.206,
2019-07-04,137.849,
2019-07-05,129.58100000000002,
2019-07-06,128.446,
2019-07-07,135.161,
2019-07-08,146.892,
2019-07-09,149.632,
2019-07-10,149.893,
2019-07-11,127.23700000000001,
2019-07-12,130.498,
2019-07-13,118.852,
2019-07-14,130.714,
2019-07-15,137.139,
2019-07-16,142.237,
2019-07-17,129.644,
2019-07-18,127.42399999999999,
2019-07-19,122.613,
2019-07-20,118.089,
2019-07-21,123.476,
2019-07-22,120.34200000000001,
2019-07-23,108.696,
2019-07-24,103.02,
2019-07-25,101.985,
2019-07-26,102.42200000000001,
2019-07-27,102.081,
2019-07-28,116.902,
2019-07-29,110.62100000000001,
2019-07-30,108.068,
2019-07-31,104.67,
2019-08-01,109.398,
2019-08-02,109.259,
2019-08-03,107.229,
2019-08-04,109.29899999999999,
2019-08-05,113.061,
2019-08-06,118.37200000000001,
2019-08-07,115.30799999999999,
2019-08-08,113.065,
2019-08-09,105.976,
2019-08-10,113.071,
2019-08-11,122.81700000000001,
2019-08-12,132.80200000000002,
2019-08-13,129.252,
2019-08-14,128.467,
2019-08-15,138.17,
2019-08-16,114.845,
2019-08-17,131.07,
2019-08-18,127.307,
2019-08-19,146.958,
2019-08-20,145.555,
2019-08-21,142.86700000000002,
2019-08-22,142.722,
2019-08-23,135.025,
2019-08-24,119.29899999999999,
2019-08-25,123.152,
2019-08-26,127.03299999999999,
2019-08-27,123.51899999999999,
2019-08-28,129.32299999999998,
2019-08-29,137.34,
2019-08-30,129.259,
2019-08-31,113.524,
2019-09-01,137.234,
2019-09-02,145.834,
2019-09-03,149.548,
2019-09-04,147.855,
2019-09-05,155.167,
2019-09-06,158.056,
2019-09-07,140.876,
2019-09-08,144.526,
2019-09-09,165.15099999999998,
2019-09-10,158.649,
2019-09-11,165.484,
2019-09-12,145.502,
2019-09-13,142.486,
2019-09-14,129.77100000000002,
2019-09-15,148.297,
2019-09-16,161.033,
2019-09-17,163.04399999999998,
2019-09-18,176.25599999999997,
2019-09-19,152.519,
2019-09-20,155.515,
2019-09-21,130.41899999999998,
2019-09-22,132.938,
2019-09-23,138.128,
2019-09-24,139.178,
2019-09-25,141.814,
2019-09-26,149.026,
2019-09-27,138.278,
2019-09-28,143.594,
2019-09-29,162.955,
2019-09-30,170.207,
2019-10-01,160.122,
2019-10-02,187.774,
2019-10-03,195.567,
2019-10-04,211.826,
2019-10-05,193.67700000000002,
2019-10-06,239.628,
2019-10-07,231.33700000000002,
2019-10-08,203.857,
2019-10-09,221.613,
2019-10-10,201.47099999999998,
2019-10-11,200.83,
2019-10-12,191.368,
2019-10-13,161.35299999999998,
2019-10-14,175.02,
2019-10-15,176.037,
2019-10-16,186.899,
2019-10-17,176.054,
2019-10-18,184.075,
2019-10-19,192.33,
2019-10-20,204.53400000000002,
2019-10-21,208.69099999999997,
2019-10-22,203.268,
2019-10-23,198.22400000000002,
2019-10-24,172.99,
2019-10-25,176.265,
2019-10-26,169.36599999999999,
2019-10-27,218.59099999999998,
2019-10-28,237.49,
2019-10-29,248.31400000000002,
2019-10-30,286.67900000000003,
2019-10-31,296.938,
2019-11-01,258.212,
2019-11-02,205.37900000000002,
2019-11-03,210.16299999999998,
2019-11-04,227.16099999999997,
2019-11-05,240.791,
2019-11-06,237.046,
2019-11-07,268.91900000000004,
2019-11-08,269.003,
2019-11-09,274.597,
2019-11-10,287.443,
2019-11-11,312.996,
2019-11-12,323.889,
2019-11-13,310.978,
2019-11-14,303.981,
2019-11-15,327.82099999999997,
2019-11-16,295.06,
2019-11-17,299.079,
2019-11-18,310.154,
2019-11-19,334.20099999999996,
2019-11-20,350.10699999999997,
2019-11-21,353.656,
2019-11-22,298.123,
2019-11-23,315.19599999999997,
2019-11-24,284.656,
2019-11-25,291.245,
2019-11-26,257.797,
2019-11-27,257.33299999999997,
2019-11-28,283.928,
2019-11-29,309.32099999999997,
2019-11-30,321.777,
2019-12-01,357.94199999999995,
2019-12-02,341.463,
2019-12-03,331.291,
2019-12-04,362.168,
2019-12-05,366.974,
2019-12-06,341.189,
2019-12-07,273.35200000000003,
2019-12-08,283.82099999999997,
2019-12-09,337.36300000000006,
2019-12-10,353.542,
2019-12-11,339.659,
2019-12-12,326.894,
2019-12-13,340.026,
2019-12-14,320.89799999999997,
2019-12-15,313.241,
2019-12-16,333.147,
2019-12-17,294.728,
2019-12-18,286.60200000000003,
2019-12-19,263.33099999999996,
2019-12-20,267.26099999999997,
2019-12-21,282.628,
2019-12-22,281.062,
2019-12-23,296.914,
2019-12-24,283.85200000000003,
2019-12-25,278.388,
2019-12-26,302.928,
2019-12-27,328.184,
2019-12-28,355.095,
2019-12-29,369.45099999999996,
2019-12-30,348.284,
2019-12-31,325.091,
2020-01-01,352.037,
2020-01-02,346.416,
2020-01-03,316.47,
2020-01-04,313.224,
2020-01-05,295.117,
2020-01-06,319.323,
2020-01-07,307.654,
2020-01-08,285.532,
2020-01-09,252.293,
2020-01-10,299.01099999999997,
2020-01-11,305.748,
2020-01-12,314.35400000000004,
2020-01-13,298.807,
2020-01-14,286.32,
2020-01-15,308.82599999999996,
2020-01-16,301.133,
2020-01-17,311.248,
2020-01-18,330.251,
2020-01-19,340.102,
2020-01-20,363.164,
2020-01-21,379.351,
2020-01-22,356.30199999999996,
2020-01-23,344.539,
2020-01-24,370.43800000000005,
2020-01-25,366.539,
2020-01-26,305.694,
2020-01-27,315.92400000000004,
2020-01-28,343.336,
2020-01-29,353.39300000000003,
2020-01-30,306.017,
2020-01-31,271.887,
2020-02-01,265.881,
2020-02-02,275.601,
2020-02-03,295.563,
2020-02-04,350.92699999999996,
2020-02-05,333.565,
2020-02-06,333.334,
2020-02-07,314.52099999999996,
2020-02-08,289.88599999999997,
2020-02-09,294.056,
2020-02-10,329.869,
2020-02-11,363.55300000000005,
2020-02-12,365.092,
2020-02-13,361.384,
2020-02-14,292.319,
2020-02-15,259.983,
2020-02-16,259.751,
2020-02-17,301.263,
2020-02-18,317.764,
2020-02-19,324.93,
2020-02-20,314.155,
2020-02-21,316.23,
2020-02-22,294.303,
2020-02-23,304.257,
2020-02-24,321.35900000000004,
2020-02-25,318.57599999999996,
2020-02-26,347.98,
2020-02-27,368.46,
2020-02-28,327.85699999999997,
2020-02-29,300.79900000000004,
2020-03-01,315.842,
2020-03-02,342.494,
2020-03-03,303.188,
2020-03-04,293.26599999999996,
2020-03-05,314.643,
2020-03-06,317.159,
2020-03-07,256.278,
2020-03-08,292.204,
2020-03-09,276.72700000000003,
2020-03-10,282.409,
2020-03-11,235.218,
2020-03-12,280.433,
2020-03-13,311.76,
2020-03-14,249.315,
2020-03-15,267.341,
2020-03-16,260.11400000000003,
2020-03-17,241.886,
2020-03-18,240.44400000000002,
2020-03-19,248.91099999999997,
2020-03-20,282.405,
2020-03-21,290.358,
2020-03-22,289.27299999999997,
2020-03-23,311.263,
2020-03-24,287.741,
2020-03-25,272.107,
2020-03-26,271.665,
2020-03-27,237.171,
2020-03-28,229.74400000000003,
2020-03-29,297.63599999999997,
2020-03-30,323.811,
2020-03-31,277.82099999999997,
2020-04-01,,213.7754688166506
2020-04-02,,210.89114045657362
2020-04-03,,208.01362882820783
2020-04-04,,205.14518678236465
2020-04-05,,202.2880506079647
2020-04-06,,199.4444359673369
2020-04-07,,196.61653388172613
2020-04-08,,193.8065067767959
2020-04-09,,191.01648459770172
2020-04-10,,188.24856100316777
2020-04-11,,185.50478964779018
2020-04-12,,182.78718056153798
2020-04-13,,180.09769663520407
2020-04-14,,177.4382502202586
2020-04-15,,174.81069985127667
2020-04-16,,172.21684709877704
2020-04-17,,169.65843356000363
2020-04-18,,167.1371379947758
2020-04-19,,164.65457361321427
2020-04-20,,162.21228552170294
2020-04-21,,159.8117483330811
2020-04-22,,157.45436394660845
2020-04-23,,155.14145950282094
2020-04-24,,152.8742855179305
2020-04-25,,150.6540142019814
2020-04-26,,148.48173796447105
2020-04-27,,146.35846811068146
2020-04-28,,144.28513373147666
2020-04-29,,142.26258078880272
2020-04-30,,140.29157139864543
2020-05-01,,138.37278331268163
2020-05-02,,136.50680959934363
2020-05-03,,134.69415852452528
2020-05-04,,132.93525363161476
2020-05-05,,131.230434020051
2020-05-06,,129.57995482109152
2020-05-07,,127.98398786895308
2020-05-08,,126.442622565009
2020-05-09,,124.95586693223163
2020-05-10,,123.52364885655928
2020-05-11,,122.14581751143044
2020-05-12,,120.82214496121765
2020-05-13,,119.55232793887754
2020-05-14,,118.33598979266799
2020-05-15,,117.17268259636032
2020-05-16,,116.06188941696422
2020-05-17,,115.00302673359494
2020-05-18,,113.99544700070786
2020-05-19,,113.03844134858804
2020-05-20,,112.13124241363477
2020-05-21,,111.27302729064246
2020-05-22,,110.46292059900418
2020-05-23,,109.6999976544578
2020-05-24,,108.98328773775171
2020-05-25,,108.31177745137768
2020-05-26,,107.68441415528042
2020-05-27,,107.10010947230307
2020-05-28,,106.55774285392872
2020-05-29,,106.05616519677216
2020-05-30,,105.59420250013625
2020-05-31,,105.17065955488431
2020-06-01,,104.78432365379689
2020-06-02,,104.43396831356696
2020-06-03,,104.11835699856346
2020-06-04,,103.836246836514
2020-06-05,,103.58639231630954
2020-06-06,,103.36754895818558
2020-06-07,,103.17847694664681
2020-06-08,,103.01794471661077
2020-06-09,,102.88473248339267
2020-06-10,,102.77763570732674
2020-06-11,,102.69546848401205
2020-06-12,,102.63706685138379
2020-06-13,,102.60129200505747
2020-06-14,,102.58703341365361
2020-06-15,,102.59321182609074
2020-06-16,,102.61878216315122
2020-06-17,,102.66273628593461
2020-06-18,,102.72410563417014
2020-06-19,,102.80196372771775
2020-06-20,,102.89542852496541
2020-06-21,,103.00366463223102
2020-06-22,,103.12588535868488
2020-06-23,,103.26135461173627
2020-06-24,,103.40938862826513
2020-06-25,,103.56935753753146
2020-06-26,,103.74068675205297
2020-06-27,,103.92285818321437
2020-06-28,,104.11541127884828
2020-06-29,,104.3179438805123
2020-06-30,,104.53011289867834
2020-07-01,,104.75163480454233
2020-07-02,,104.98228593766336
2020-07-03,,105.22190262913483
2020-07-04,,105.4703811404953
2020-07-05,,105.72767741907768
2020-07-06,,105.99380667099683
2020-07-07,,106.26884275346362
2020-07-08,,106.55291738859776
2020-07-09,,106.84621920139824
2020-07-10,,107.14899258499639
2020-07-11,,107.46153639677902
2020-07-12,,107.78420248943024
2020-07-13,,108.11739408137251
2020-07-14,,108.46156397151964
2020-07-15,,108.8172126036767
2020-07-16,,109.18488598631018
2020-07-17,,109.56517347380347
2020-07-18,,109.95870541568627
2020-07-19,,110.36615068065919
2020-07-20,,110.78821406258663
2020-07-21,,111.22563357592799
2020-07-22,,111.67917764836983
2020-07-23,,112.14964221870193
2020-07-24,,112.63784774821642
2020-07-25,,113.14463615413558
2020-07-26,,113.67086767378484
2020-07-27,,114.21741766839864
2020-07-28,,114.785173375596
2020-07-29,,115.37503061971194
2020-07-30,,115.98789048924417
2020-07-31,,116.62465599079258
2020-08-01,,117.28622868888351
2020-08-02,,117.97350534113625
2020-08-03,,118.68737453819884
2020-08-04,,119.42871335788965
2020-08-05,,120.19838404290306
2020-08-06,,120.99723071139096
2020-08-07,,121.82607610961821
2020-08-08,,122.68571841576181
2020-08-09,,123.57692810380297
2020-08-10,,124.50044487625115
2020-08-11,,125.45697467428093
2020-08-12,,126.44718677361882
2020-08-13,,127.4717109742842
2020-08-14,,128.53113489203304
2020-08-15,,129.62600135906132
2020-08-16,,130.75680594121997
2020-08-17,,131.92399457867376
2020-08-18,,133.12796135660412
2020-08-19,,134.36904641216742
2020-08-20,,135.64753398358516
2020-08-21,,136.96365060680597
2020-08-22,,138.3175634648137
2020-08-23,,139.70937889421018
2020-08-24,,141.13914105326904
2020-08-25,,142.60683075523536
2020-08-26,,144.1123644701687
2020-08-27,,145.6555934981707
2020-08-28,,147.2363033163829
2020-08-29,,148.85421310164793
2020-08-30,,150.50897543024536
2020-08-31,,152.200176155654
2020-09-01,,153.9273344647653
2020-09-02,,155.68990311252972
2020-09-03,,157.48726883448606
2020-09-04,,159.31875293618174
2020-09-05,,161.18361205796498
2020-09-06,,163.08103911319625
2020-09-07,,165.01016439740806
2020-09-08,,166.970056865517
2020-09-09,,168.95972557370726
2020-09-10,,170.97812128215722
2020-09-11,,173.02413821436622
2020-09-12,,175.09661596837495
2020-09-13,,177.19434157479472
2020-09-14,,179.31605169613943
2020-09-15,,181.46043496156864
2020-09-16,,183.62613443079988
2020-09-17,,185.81175018057974
2020-09-18,,188.01584200677
2020-09-19,,190.2369322347991
2020-09-20,,192.4735086309376
2020-09-21,,194.7240274065584
2020-09-22,,196.98691630732557
2020-09-23,,199.26057777898495
2020-09-24,,201.54339220125811
2020-09-25,,203.83372118113388
2020-09-26,,206.12991089668617
2020-09-27,,208.43029548243396
2020-09-28,,210.7332004471249
2020-09-29,,213.03694611473296
2020-09-30,,215.339851079423
2020-10-01,,217.64023566517153
2020-10-02,,219.9364253807232
2020-10-03,,222.22675436059896
2020-10-04,,224.50956878287212
2020-10-05,,226.78323025453062
2020-10-06,,229.0461191552978
2020-10-07,,231.29663793091947
2020-10-08,,233.53321432705724
2020-10-09,,235.7543045550869
2020-10-10,,237.9583963812771
2020-10-11,,240.1440121310572
2020-10-12,,242.30971160028918
2020-10-13,,244.45409486571756
2020-10-14,,246.57580498706227
2020-10-15,,248.6735305934829
2020-10-16,,250.74600834749089
2020-10-17,,252.79202527969989
2020-10-18,,254.8104209881498
2020-10-19,,256.80008969634
2020-10-20,,258.75998216444907
2020-10-21,,260.6891074486609
2020-10-22,,262.58653450389136
2020-10-23,,264.45139362567534
2020-10-24,,266.28287772737036
2020-10-25,,268.08024344932744
2020-10-26,,269.84281209709184
2020-10-27,,271.5699704062031
2020-10-28,,273.2611711316118
2020-10-29,,274.9159334602099
2020-10-30,,276.5338432454742
2020-10-31,,278.11455306368714
2020-11-01,,279.6577820916892
2020-11-02,,281.16331580662177
2020-11-03,,282.63100550858877
2020-11-04,,284.06076766764704
2020-11-05,,285.4525830970435
2020-11-06,,286.80649595505116
2020-11-07,,288.12261257827134
2020-11-08,,289.40110014968906
2020-11-09,,290.6421852052532
2020-11-10,,291.84615198318284
2020-11-11,,293.0133406206372
2020-11-12,,294.1441452027958
2020-11-13,,295.2390116698242
2020-11-14,,296.2984355875737
2020-11-15,,297.3229597882382
2020-11-16,,298.31317188757623
2020-11-17,,299.2697016856066
2020-11-18,,300.19321845805433
2020-11-19,,301.0844281460954
2020-11-20,,301.944070452239
2020-11-21,,302.77291585046623
2020-11-22,,303.57176251895436
2020-11-23,,304.34143320396777
2020-11-24,,305.08277202365787
2020-11-25,,305.79664122072097
2020-11-26,,306.4839178729733
2020-11-27,,307.1454905710648
2020-11-28,,307.782256072613
2020-11-29,,308.39511594214525
2020-11-30,,308.9849731862612
2020-12-01,,309.5527288934593
2020-12-02,,310.0992788880725
2020-12-03,,310.62551040772206
2020-12-04,,311.1322988136412
2020-12-05,,311.62050434315546
2020-12-06,,312.090968913488
2020-12-07,,312.54451298592915
2020-12-08,,312.9819324992701
2020-12-09,,313.40399588119806
2020-12-10,,313.81144114617075
2020-12-11,,314.2049730880534
2020-12-12,,314.5852605755471
2020-12-13,,314.95293395818027
2020-12-14,,315.30858259033783
2020-12-15,,315.6527524804853
2020-12-16,,315.985944072427
2020-12-17,,316.30861016507856
2020-12-18,,316.621153976861
2020-12-19,,316.92392736045906
2020-12-20,,317.21722917325974
2020-12-21,,317.5013038083937
2020-12-22,,317.7763398908605
2020-12-23,,318.0424691427797
2020-12-24,,318.2997654213621
2020-12-25,,318.54824393272236
2020-12-26,,318.78786062419397
2020-12-27,,319.01851175731485
2020-12-28,,319.240033663179
2020-12-29,,319.45220268134494
2020-12-30,,319.654735283009
2020-12-31,,319.847288378643
2021-01-01,,320.0294598098044
2021-01-02,,320.2007890243259
2021-01-03,,320.36075793359225
2021-01-04,,320.5087919501211
2021-01-05,,320.6442612031724
2021-01-06,,320.76648192962625
2021-01-07,,320.874718036892
2021-01-08,,320.9681828341396
2021-01-09,,321.04604092768716
2021-01-10,,321.1074102759228
2021-01-11,,321.15136439870616
2021-01-12,,321.1769347357668
2021-01-13,,321.183113148204
2021-01-14,,321.1688545567998
2021-01-15,,321.1330797104736
2021-01-16,,321.07467807784536
2021-01-17,,320.9925108545305
2021-01-18,,320.8854140784647
2021-01-19,,320.75220184524636
2021-01-20,,320.59166961521066
2021-01-21,,320.40259760367206
2021-01-22,,320.1837542455478
2021-01-23,,319.93389972534334
2021-01-24,,319.6517895632941
2021-01-25,,319.33617824829054
2021-01-26,,318.98582290806064
2021-01-27,,318.5994870069733
2021-01-28,,318.175944061721
2021-01-29,,317.7139813650858
2021-01-30,,317.21240370792884
2021-01-31,,316.67003708955474
2021-02-01,,316.085732406577
2021-02-02,,315.45836911047985
2021-02-03,,314.7868588241058
2021-02-04,,314.07014890739975
2021-02-05,,313.3072259628526
2021-02-06,,312.49711927121484
2021-02-07,,311.63890414822276
2021-02-08,,310.73170521326904
2021-02-09,,309.77469956114965
2021-02-10,,308.76711982826254
2021-02-11,,307.7082571448934
2021-02-12,,306.597463965498
2021-02-13,,305.4341567691895
2021-02-14,,304.21781862298064
2021-02-15,,302.9480016006406
2021-02-16,,301.62432905042715
2021-02-17,,300.24649770529834
2021-02-18,,298.8142796296259
2021-02-19,,297.32752399684784
2021-02-20,,295.78615869290456
2021-02-21,,294.1901917407654
2021-02-22,,292.53971254180664
2021-02-23,,290.8348929302429
2021-02-24,,289.0759880373316
2021-02-25,,287.2633369625141
2021-02-26,,285.39736324917607
2021-02-27,,283.47857516321227
2021-02-28,,281.507565773055
2021-03-01,,279.48501283038144
2021-03-02,,277.4116784511762
2021-03-03,,275.2884085973871
2021-03-04,,273.1161323598759
2021-03-05,,270.89586104392765
2021-03-06,,268.6286870590372
2021-03-07,,266.31578261524885
2021-03-08,,263.9583982287771
2021-03-09,,261.55786104015476
2021-03-10,,259.115572948643
2021-03-11,,256.63300856708196
2021-03-12,,254.11171300185418
2021-03-13,,251.55329946307995
2021-03-14,,248.95944671058106
2021-03-15,,246.33189634159913
2021-03-16,,243.67244992665377
2021-03-17,,240.98296600032035
2021-03-18,,238.26535691406758
2021-03-19,,235.52158555869048
2021-03-20,,232.7536619641565
2021-03-21,,229.9636397850616
2021-03-22,,227.15361268013237
2021-03-23,,224.32571059452135
2021-03-24,,221.48209595389258
2021-03-25,,218.62495977949374
2021-03-26,,215.7565177336496
2021-03-27,,212.87900610528317
2021-03-28,,209.99467774520716
2021-03-29,,207.10579796107854
2021-03-30,,204.21464038202208
2021-03-31,,201.32348280296452
2021-04-01,,198.43460301883704
2021-04-02,,195.550274658761
2021-04-03,,192.67276303039472
2021-04-04,,189.80432098455054
2021-04-05,,186.94718481015144
2021-04-06,,184.1035701695227
2021-04-07,,181.2756680839119
2021-04-08,,178.46564097898266
2021-04-09,,175.67561879988764
2021-04-10,,172.90769520535463
2021-04-11,,170.16392384997658
2021-04-12,,167.44631476372388
2021-04-13,,164.7568308373905
2021-04-14,,162.09738442244492
2021-04-15,,159.46983405346293
2021-04-16,,156.87598130096333
2021-04-17,,154.31756776219004
2021-04-18,,151.79627219696218
2021-04-19,,149.31370781540113
2021-04-20,,146.8714197238893
2021-04-21,,144.47088253526783
2021-04-22,,142.11349814879514
2021-04-23,,139.80059370500686
2021-04-24,,137.53341972011725
2021-04-25,,135.31314840416815
2021-04-26,,133.14087216665695
2021-04-27,,131.01760231286778
2021-04-28,,128.94426793366256
2021-04-29,,126.92171499098828
2021-04-30,,124.95070560083172
2021-05-01,,123.03191751486719
2021-05-02,,121.16594380152992
2021-05-03,,119.35329272671157
2021-05-04,,117.59438783380102
2021-05-05,,115.8895682222381
2021-05-06,,114.23908902327861
2021-05-07,,112.64312207113943
2021-05-08,,111.10175676719606
2021-05-09,,109.61500113441792
2021-05-10,,108.18278305874554
2021-05-11,,106.80495171361673
2021-05-12,,105.48127916340326
2021-05-13,,104.21146214106389
2021-05-14,,102.99512399485445
2021-05-15,,101.83181679854601
2021-05-16,,100.72102361915046
2021-05-17,,99.66216093578117
2021-05-18,,98.65458120289412
2021-05-19,,97.69757555077442
2021-05-20,,96.79037661582115
2021-05-21,,95.93216149282884
2021-05-22,,95.1220548011911
2021-05-23,,94.35913185664404
2021-05-24,,93.64242193993843
2021-05-25,,92.97091165356392
2021-05-26,,92.34354835746672
2021-05-27,,91.7592436744896
2021-05-28,,91.2168770561151
2021-05-29,,90.71529939895811
2021-05-30,,90.2533367023226
2021-05-31,,89.82979375707032
2021-06-01,,89.44345785598279
2021-06-02,,89.0931025157532
2021-06-03,,88.77749120074935
2021-06-04,,88.49538103870026
2021-06-05,,88.24552651849609
2021-06-06,,88.02668316037182
2021-06-07,,87.8376111488333
2021-06-08,,87.67707891879724
2021-06-09,,87.5438666855789
2021-06-10,,87.43676990951332
2021-06-11,,87.35460268619846
2021-06-12,,87.29620105356997
2021-06-13,,87.26042620724382
2021-06-14,,87.24616761583974
2021-06-15,,87.252346028277
2021-06-16,,87.27791636533749
2021-06-17,,87.3218704881208
2021-06-18,,87.38323983635655
2021-06-19,,87.4610979299041
2021-06-20,,87.55456272715173
2021-06-21,,87.66279883441734
2021-06-22,,87.7850195608712
2021-06-23,,87.92048881392253
2021-06-24,,88.06852283045137
2021-06-25,,88.22849173971773
2021-06-26,,88.3998209542392
2021-06-27,,88.58199238540067
2021-06-28,,88.77454548103458
2021-06-29,,88.9770780826986
2021-06-30,,89.18924710086463
2021-07-01,,89.41076900672877
2021-07-02,,89.64142013984963
2021-07-03,,89.88103683132127
2021-07-04,,90.12951534268174
2021-07-05,,90.38681162126397
2021-07-06,,90.65294087318335
2021-07-07,,90.92797695564994
2021-07-08,,91.21205159078389
2021-07-09,,91.50535340358459
2021-07-10,,91.80812678718232
2021-07-11,,92.12067059896498
2021-07-12,,92.44333669161651
2021-07-13,,92.77652828355843
2021-07-14,,93.1206981737059
2021-07-15,,93.47634680586333
2021-07-16,,93.84402018849653
2021-07-17,,94.22430767599019
2021-07-18,,94.61783961787262
2021-07-19,,95.02528488284543
2021-07-20,,95.44734826477335
2021-07-21,,95.88476777811434
2021-07-22,,96.33831185055618
2021-07-23,,96.80877642088831
2021-07-24,,97.29698195040265
2021-07-25,,97.8037703563214
2021-07-26,,98.33000187597108
2021-07-27,,98.87655187058442
2021-07-28,,99.44430757778235
2021-07-29,,100.03416482189783
2021-07-30,,100.64702469143054
2021-07-31,,101.28379019297893
2021-08-01,,101.9453628910696
2021-08-02,,102.63263954332245
2021-08-03,,103.34650874038559
2021-08-04,,104.08784756007586
2021-08-05,,104.8575182450893
2021-08-06,,105.65636491357785
2021-08-07,,106.48521031180456
2021-08-08,,107.34485261794816
2021-08-09,,108.2360623059893
2021-08-10,,109.15957907843682
2021-08-11,,110.11610887646717
2021-08-12,,111.10632097580458
2021-08-13,,112.13084517646993
2021-08-14,,113.19026909421939
2021-08-15,,114.28513556124756
2021-08-16,,115.41594014340617
2021-08-17,,116.58312878086065
2021-08-18,,117.78709555879038
2021-08-19,,119.0281806143544
2021-08-20,,120.30666818577151
2021-08-21,,121.62278480899226
2021-08-22,,122.9766976670007
2021-08-23,,124.36851309639636
2021-08-24,,125.79827525545531
2021-08-25,,127.2659649574216
2021-08-26,,128.77149867235494
2021-08-27,,130.3147277003563
2021-08-28,,131.89543751856922
2021-08-29,,133.51334730383348
2021-08-30,,135.16810963243162
2021-08-31,,136.85931035783958
2021-09-01,,138.5864686669516
2021-09-02,,140.34903731471599
2021-09-03,,142.14640303667233
2021-09-04,,143.97788713836798
2021-09-05,,145.84274626015193
2021-09-06,,147.7401733153825
2021-09-07,,149.66929859959436
2021-09-08,,151.62919106770403
2021-09-09,,153.61885977589355
2021-09-10,,155.63725548434343
2021-09-11,,157.68327241655243
2021-09-12,,159.75575017056045
2021-09-13,,161.85347577698093
2021-09-14,,163.97518589832512
2021-09-15,,166.11956916375422
2021-09-16,,168.28526863298623
2021-09-17,,170.4708843827661
2021-09-18,,172.6749762089563
2021-09-19,,174.89606643698608
2021-09-20,,177.13264283312384
2021-09-21,,179.38316160874538
2021-09-22,,181.64605050951178
2021-09-23,,183.9197119811713
2021-09-24,,186.20252640344523
2021-09-25,,188.4928553833202
2021-09-26,,190.78904509887238
2021-09-27,,193.08942968462014
2021-09-28,,195.39233464931112
2021-09-29,,197.69608031691854
2021-09-30,,199.99898528160935
2021-10-01,,202.2993698673571
2021-10-02,,204.5955595829094
2021-10-03,,206.88588856278443
2021-10-04,,209.16870298505833
2021-10-05,,211.44236445671757
2021-10-06,,213.70525335748425
2021-10-07,,215.9557721331058
2021-10-08,,218.1923485292443
2021-10-09,,220.4134387572732
2021-10-10,,222.6175305834634
2021-10-11,,224.80314633324343
2021-10-12,,226.9688458024754
2021-10-13,,229.11322906790377
2021-10-14,,231.2349391892485
2021-10-15,,233.33266479566845
2021-10-16,,235.4051425496772
2021-10-17,,237.45115948188547
2021-10-18,,239.46955519033602
2021-10-19,,241.45922389852635
2021-10-20,,243.41911636663528
2021-10-21,,245.3482416508471
2021-10-22,,247.2456687060784
2021-10-23,,249.11052782786163
2021-10-24,,250.94201192955734
2021-10-25,,252.73937765151365
2021-10-26,,254.50194629927807
2021-10-27,,256.22910460839006
2021-10-28,,257.92030533379807
2021-10-29,,259.5750676623962
2021-10-30,,261.1929774476605
2021-10-31,,262.77368726587275
2021-11-01,,264.3169162938748
2021-11-02,,265.8224500088081
2021-11-03,,267.2901397107744
2021-11-04,,268.71990186983334
2021-11-05,,270.1117172992291
2021-11-06,,271.46563015723746
2021-11-07,,272.7817467804582
2021-11-08,,274.06023435187535
2021-11-09,,275.30131940743945
2021-11-10,,276.50528618536976
2021-11-11,,277.6724748228236
2021-11-12,,278.80327940498216
2021-11-13,,279.89814587201045
2021-11-14,,280.95756978975993
2021-11-15,,281.9820939904246
2021-11-16,,282.9723060897626
2021-11-17,,283.9288358877924
2021-11-18,,284.8523526602407
2021-11-19,,285.74356234828105
2021-11-20,,286.6032046544252
2021-11-21,,287.43205005265247
2021-11-22,,288.2308967211406
2021-11-23,,289.000567406154
2021-11-24,,289.74190622584473
2021-11-25,,290.4557754229073
2021-11-26,,291.1430520751602
2021-11-27,,291.80462477325113
2021-11-28,,292.44139027479923
2021-11-29,,293.05425014433195
2021-11-30,,293.6441073884474
2021-12-01,,294.2118630956455
2021-12-02,,294.7584130902587
2021-12-03,,295.284644609908
2021-12-04,,295.7914330158272
2021-12-05,,296.27963854534175
2021-12-06,,296.75010311567377
2021-12-07,,297.2036471881155
2021-12-08,,297.64106670145685
2021-12-09,,298.0631300833844
2021-12-10,,298.47057534835744
2021-12-11,,298.86410729023964
2021-12-12,,299.2443947777333
2021-12-13,,299.6120681603668
2021-12-14,,299.9677167925241
2021-12-15,,300.3118866826715
2021-12-16,,300.64507827461335
2021-12-17,,300.96774436726486
2021-12-18,,301.2802881790473
2021-12-19,,301.5830615626454
2021-12-20,,301.8763633754458
2021-12-21,,302.1604380105799
2021-12-22,,302.4354740930466
2021-12-23,,302.701603344966
2021-12-24,,302.95889962354835
2021-12-25,,303.20737813490865
2021-12-26,,303.44699482638026
2021-12-27,,303.6776459595013
2021-12-28,,303.8991678653653
2021-12-29,,304.11133688353135
2021-12-30,,304.3138694851954
2021-12-31,,304.5064225808293
2022-01-01,,304.6885940119907
2022-01-02,,304.85992322651225
2022-01-03,,305.0198921357786
2022-01-04,,305.1679261523074
2022-01-05,,305.30339540535874
2022-01-06,,305.4256161318126
2022-01-07,,305.5338522390782
2022-01-08,,305.6273170363259
2022-01-09,,305.70517512987345
2022-01-10,,305.7665444781089
2022-01-11,,305.8104986008925
2022-01-12,,305.83606893795303
2022-01-13,,305.8422473503903
2022-01-14,,305.8279887589861
2022-01-15,,305.79221391266003
2022-01-16,,305.7338122800317
2022-01-17,,305.65164505671686
2022-01-18,,305.54454828065104
2022-01-19,,305.4113360474327
2022-01-20,,305.2508038173969
2022-01-21,,305.06173180585813
2022-01-22,,304.8428884477345
2022-01-23,,304.59303392752975
2022-01-24,,304.3109237654806
2022-01-25,,303.9953124504768
2022-01-26,,303.6449571102469
2022-01-27,,303.2586212091595
2022-01-28,,302.83507826390723
2022-01-29,,302.3731155672716
2022-01-30,,301.8715379101151
2022-01-31,,301.3291712917406
2022-02-01,,300.7448666087628
2022-02-02,,300.11750331266626
2022-02-03,,299.4459930262922
2022-02-04,,298.72928310958616
2022-02-05,,297.9663601650395
2022-02-06,,297.1562534734015
2022-02-07,,296.2980383504097
2022-02-08,,295.39083941545596
2022-02-09,,294.433833763336
2022-02-10,,293.42625403044894
2022-02-11,,292.36739134707966
2022-02-12,,291.25659816768353
2022-02-13,,290.09329097137567
2022-02-14,,288.87695282516637
2022-02-15,,287.6071358028269
2022-02-16,,286.28346325261344
2022-02-17,,284.90563190748395
2022-02-18,,283.4734138318122
2022-02-19,,281.9866581990341
2022-02-20,,280.44529289509086
2022-02-21,,278.84932594295174
2022-02-22,,277.19884674399293
2022-02-23,,275.4940271324292
2022-02-24,,273.7351222395187
2022-02-25,,271.92247116470037
2022-02-26,,270.05649745136316
2022-02-27,,268.13770936539856
2022-02-28,,266.1666999752413
2022-03-01,,264.14414703256773
2022-03-02,,262.07081265336257
2022-03-03,,259.94754279957255
2022-03-04,,257.77526656206226
2022-03-05,,255.55499524611315
2022-03-06,,253.2878212612227
2022-03-07,,250.97491681743531
2022-03-08,,248.61753243096342
2022-03-09,,246.21699524234114
2022-03-10,,243.77470715083024
2022-03-11,,241.2921427692683
2022-03-12,,238.77084720404147
2022-03-13,,236.21243366526724
2022-03-14,,233.61858091276747
2022-03-15,,230.99103054378554
2022-03-16,,228.33158412884018
2022-03-17,,225.64210020250582
2022-03-18,,222.92449111625385
2022-03-19,,220.18071976087577
2022-03-20,,217.4127961663428
2022-03-21,,214.62277398724785
2022-03-22,,211.81274688231747
2022-03-23,,208.98484479670762
2022-03-24,,206.14123015607885
2022-03-25,,203.28409398168003
2022-03-26,,200.41565193583585
2022-03-27,,197.53814030747054
2022-03-28,,194.65381194739356
2022-03-29,,191.76493216326605
2022-03-30,,188.87377458420866
2022-03-31,,185.9826170051519
